Title,Price,Date
"ABLING Trust A Data Scientist Tee � Men's Smart Casual Lounge Round Neck Black T-Shirt for Tech Enthusiasts, Super Combed Cotton 200gsm+ Fabric, Graphic Print Tshirts, Professional Humor",499,2025-03-03
"ABLING Trust A Data Scientist Tee � Men's Smart Casual Lounge Round Neck Black T-Shirt for Tech Enthusiasts, Super Combed Cotton 200gsm+ Fabric, Graphic Print Tshirts, Professional Humor",499,2025-03-03
"ABLING Trust A Data Scientist Tee � Men's Smart Casual Lounge Round Neck Black T-Shirt for Tech Enthusiasts, Super Combed Cotton 200gsm+ Fabric, Graphic Print Tshirts, Professional Humor",499,2025-03-03
"ABLING Trust A Data Scientist Tee � Men's Smart Casual Lounge Round Neck Black T-Shirt for Tech Enthusiasts, Super Combed Cotton 200gsm+ Fabric, Graphic Print Tshirts, Professional Humor",499,2025-03-03
"ABLING Trust A Data Scientist Tee � Men's Smart Casual Lounge Round Neck Black T-Shirt for Tech Enthusiasts, Super Combed Cotton 200gsm+ Fabric, Graphic Print Tshirts, Professional Humor",499,2025-03-03
"ABLING Trust A Data Scientist Tee � Men's Smart Casual Lounge Round Neck Black T-Shirt for Tech Enthusiasts, Super Combed Cotton 200gsm+ Fabric, Graphic Print Tshirts, Professional Humor",499,2025-03-03
"ABLING Trust A Data Scientist Tee � Men's Smart Casual Lounge Round Neck Black T-Shirt for Tech Enthusiasts, Super Combed Cotton 200gsm+ Fabric, Graphic Print Tshirts, Professional Humor",499,2025-03-03
"ABLING Trust A Data Scientist Tee � Men's Smart Casual Lounge Round Neck Black T-Shirt for Tech Enthusiasts, Super Combed Cotton 200gsm+ Fabric, Graphic Print Tshirts, Professional Humor",499,2025-03-03
"ABLING Trust A Data Scientist Tee � Men's Smart Casual Lounge Round Neck Black T-Shirt for Tech Enthusiasts, Super Combed Cotton 200gsm+ Fabric, Graphic Print Tshirts, Professional Humor",499,2025-03-03
"ABLING Trust A Data Scientist Tee � Men's Smart Casual Lounge Round Neck Black T-Shirt for Tech Enthusiasts, Super Combed Cotton 200gsm+ Fabric, Graphic Print Tshirts, Professional Humor",499,2025-03-03
"ABLING Trust A Data Scientist Tee � Men's Smart Casual Lounge Round Neck Black T-Shirt for Tech Enthusiasts, Super Combed Cotton 200gsm+ Fabric, Graphic Print Tshirts, Professional Humor",499,2025-03-03
"ABLING Trust A Data Scientist Tee � Men's Smart Casual Lounge Round Neck Black T-Shirt for Tech Enthusiasts, Super Combed Cotton 200gsm+ Fabric, Graphic Print Tshirts, Professional Humor",499,2025-03-03
"ABLING Trust A Data Scientist Tee � Men's Smart Casual Lounge Round Neck Black T-Shirt for Tech Enthusiasts, Super Combed Cotton 200gsm+ Fabric, Graphic Print Tshirts, Professional Humor",499,2025-03-03
"ABLING Trust A Data Scientist Tee � Men's Smart Casual Lounge Round Neck Black T-Shirt for Tech Enthusiasts, Super Combed Cotton 200gsm+ Fabric, Graphic Print Tshirts, Professional Humor",499,2025-03-03
"ABLING Trust A Data Scientist Tee � Men's Smart Casual Lounge Round Neck Black T-Shirt for Tech Enthusiasts, Super Combed Cotton 200gsm+ Fabric, Graphic Print Tshirts, Professional Humor",499,2025-03-03
"ABLING Trust A Data Scientist Tee � Men's Smart Casual Lounge Round Neck Black T-Shirt for Tech Enthusiasts, Super Combed Cotton 200gsm+ Fabric, Graphic Print Tshirts, Professional Humor",499,2025-03-03
"ABLING Trust A Data Scientist Tee � Men's Smart Casual Lounge Round Neck Black T-Shirt for Tech Enthusiasts, Super Combed Cotton 200gsm+ Fabric, Graphic Print Tshirts, Professional Humor",499,2025-03-03
"ABLING Trust A Data Scientist Tee � Men's Smart Casual Lounge Round Neck Black T-Shirt for Tech Enthusiasts, Super Combed Cotton 200gsm+ Fabric, Graphic Print Tshirts, Professional Humor",499,2025-03-03
"ABLING Trust A Data Scientist Tee � Men's Smart Casual Lounge Round Neck Black T-Shirt for Tech Enthusiasts, Super Combed Cotton 200gsm+ Fabric, Graphic Print Tshirts, Professional Humor",499,2025-03-03
"ABLING Trust A Data Scientist Tee � Men's Smart Casual Lounge Round Neck Black T-Shirt for Tech Enthusiasts, Super Combed Cotton 200gsm+ Fabric, Graphic Print Tshirts, Professional Humor",499,2025-03-03
